{
 "actions": [],
 "creation": "2014-08-29 16:02:39.740505",
 "doctype": "DocType",
 "editable_grid": 1,
 "engine": "InnoDB",
 "field_order": [
  "company",
  "account",
  "advance_account"
 ],
 "fields": [
  {
   "fieldname": "company",
   "fieldtype": "Link",
   "ignore_user_permissions": 1,
   "in_list_view": 1,
   "label": "Company",
   "options": "Company",
   "reqd": 1
  },
  {
   "fieldname": "account",
   "fieldtype": "Link",
   "in_list_view": 1,
   "label": "Default Account",
   "options": "Account"
  },
  {
   "fieldname": "advance_account",
   "fieldtype": "Link",
   "label": "Advance Account",
   "options": "Account"
  }
 ],
 "index_web_pages_for_search": 1,
 "istable": 1,
 "links": [],
 "modified": "2023-06-06 14:15:42.053150",
 "modified_by": "Administrator",
 "module": "Accounts",
 "name": "Party Account",
 "owner": "Administrator",
 "permissions": [],
 "quick_entry": 1,
 "sort_field": "modified",
 "sort_order": "DESC",
 "states": []
}