{
 "chart_name": "Budget Variance",
 "chart_type": "Report",
 "creation": "2020-07-17 11:25:34.593061",
 "docstatus": 0,
 "doctype": "Dashboard Chart",
 "dynamic_filters_json": "{\"company\":\"frappe.defaults.get_user_default(\\\"Company\\\")\",\"from_fiscal_year\":\"shopper.utils.get_fiscal_year()\",\"to_fiscal_year\":\"shopper.utils.get_fiscal_year()\"}",
 "filters_json": "{\"period\":\"Monthly\",\"budget_against\":\"Cost Center\",\"show_cumulative\":0}",
 "idx": 0,
 "is_public": 1,
 "is_standard": 1,
 "modified": "2023-07-19 13:13:13.307073",
 "modified_by": "Administrator",
 "module": "Accounts",
 "name": "Budget Variance",
 "number_of_groups": 0,
 "owner": "Administrator",
 "report_name": "Budget Variance Report",
 "roles": [],
 "timeseries": 0,
 "type": "Bar",
 "use_report_chart": 1,
 "y_axis": []
}